Word,3singular,Present Participle,Simple Past,Past Participle,Initial
do,does,doing,did,done,d
know,knows,knowing,knew,known,k
see,sees,seeing,saw,seen,s
get,gets,getting,got,got,g
think,thinks,thinking,thought,thought,t
go,goes,going,went,gone,g
make,makes,making,made,made,m
take,takes,taking,took,taken,t
come,comes,coming,came,come,c
say,says,saying,said,said,s
put,puts,putting,put,put,p
want,wants,wanting,wanted,wanted,w
give,gives,giving,gave,given,g
look,looks,looking,looked,looked,l
find,finds,finding,found,found,f
need,needs,needing,needed,needed,n
like,likes,liking,liked,liked,l
set,sets,setting,set,set,s
use,uses,using,used,used,u
become,becomes,becoming,became,become,b
tell,tells,telling,told,told,t
keep,keeps,keeping,kept,kept,k
help,helps,helping,helped,helped,h
work,works,working,worked,worked,w
let,lets,letting,let,let,l
feel,feels,feeling,felt,felt,f
provide,provides,providing,provided,provided,p
believe,believes,believing,believed,believed,b
try,tries,trying,tried,tried,t
ask,asks,asking,asked,asked,a
remember,remembers,remembering,remembered,remembered,r
leave,leaves,leaving,left,left,l
show,shows,showing,showed,shown,s
pay,pays,paying,paid,paid,p
run,runs,running,ran,run,r
read,reads,reading,read,read,r
seem,seems,seeming,seemed,seemed,s
include,includes,including,included,included,i
bring,brings,bringing,brought,brought,b
understand,understands,understanding,understood,understood,u
start,starts,starting,started,started,s
play,plays,playing,played,played,p
cut,cuts,cutting,cut,cut,c
live,lives,living,lived,lived,l
meet,meets,meeting,met,met,m
move,moves,moving,moved,moved,m
hear,hears,hearing,heard,heard,h
call,calls,calling,called,called,c
stop,stops,stopping,stopped,stopped,s
turn,turns,turning,turned,turned,t
talk,talks,talking,talked,talked,t
buy,buys,buying,bought,bought,b
thank,thanks,thanking,thanked,thanked,t
change,changes,changing,changed,changed,c
continue,continues,continuing,continued,continued,c
consider,considers,considering,considered,considered,c
allow,allows,allowing,allowed,allowed,a
hope,hopes,hoping,hoped,hoped,h
produce,produces,producing,produced,produced,p
stay,stays,staying,stayed,stayed,s
appear,appears,appearing,appeared,appeared,a
write,writes,writing,wrote,written,w
hold,holds,holding,held,held,h
expect,expects,expecting,expected,expected,e
ensure,ensures,ensuring,ensured,ensured,e
suppose,supposes,supposing,supposed,supposed,s
wish,wishes,wishing,wished,wished,w
carry,carries,carrying,carried,carried,c
follow,follows,following,followed,followed,f
offer,offers,offering,offered,offered,o
support,supports,supporting,supported,supported,s
accept,accepts,accepting,accepted,accepted,a
speak,speaks,speaking,spoke,spoken,s
lead,leads,leading,leaded,leaded,l
remain,remains,remaining,remained,remained,r
stand,stands,standing,stood,stood,s
suggest,suggests,suggesting,suggested,suggested,s
hit,hits,hitting,hit,hit,h
develop,develops,developing,developed,developed,d
happen,happens,happening,happened,happened,h
sit,sits,sitting,sat,sat,s
win,wins,winning,won,won,w
love,loves,loving,loved,loved,l
add,adds,adding,added,added,a
learn,learns,learning,learned,learned,l
create,creates,creating,created,created,c
agree,agrees,agreeing,agreed,agreed,a
apply,applies,applying,applied,applied,a
wait,waits,waiting,waited,waited,w
avoid,avoids,avoiding,avoided,avoided,a
send,sends,sending,sent,sent,s
form,forms,forming,formed,formed,f
explain,explains,explaining,explained,explained,e
return,returns,returning,returned,returned,r
sell,sells,selling,sold,sold,s
receive,receives,receiving,received,received,r
open,opens,opening,opened,opened,o
begin,begins,beginning,began,begun,b
eat,eats,eating,ate,eaten,e
increase,increases,increasing,increased,increased,i
voice,voices,voicing,voiced,voiced,v
spend,spends,spending,spent,spent,s
join,joins,joining,joined,joined,j
reduce,reduces,reducing,reduced,reduced,r
save,saves,saving,saved,saved,s
require,requires,requiring,required,required,r
fall,falls,falling,fell,fallen,f
mind,minds,minding,minded,minded,m
build,builds,building,built,built,b
achieve,achieves,achieving,achieved,achieved,a
choose,chooses,choosing,chose,chosen,c
prevent,prevents,preventing,prevented,prevented,p
reach,reaches,reaching,reached,reached,r
decide,decides,deciding,decided,decided,d
deal,deals,dealing,dealt,dealt,d
face,faces,facing,faced,faced,f
enjoy,enjoys,enjoying,enjoyed,enjoyed,e
watch,watches,watching,watched,watched,w
lose,loses,losing,lost,lost,l
walk,walks,walking,walked,walked,w
cover,covers,covering,covered,covered,c
improve,improves,improving,improved,improved,i
tend,tends,tending,tended,tended,t
raise,raises,raising,raised,raised,r
draw,draws,drawing,drew,drawn,d
forget,forgets,forgetting,forgot,forgotten,f
imagine,imagines,imagining,imagined,imagined,i
act,acts,acting,acted,acted,a
pick,picks,picking,picked,picked,p
cause,causes,causing,caused,caused,c
cost,costs,costing,cost,cost,c
pass,passes,passing,passed,passed,p
break,breaks,breaking,broke,broken,b
prove,proves,proving,proved,proved,p
occur,occurs,occurring,occurred,occurred,o
discuss,discusses,discussing,discussed,discussed,d
listen,listens,listening,listened,listened,l
maintain,maintains,maintaining,maintained,maintained,m
end,ends,ending,ended,ended,e
exist,exists,existing,existed,existed,e
seek,seeks,seeking,sought,sought,s
grow,grows,growing,grew,grown,g
check,checks,checking,checked,checked,c
serve,serves,serving,served,served,s
share,shares,sharing,shared,shared,s
establish,establishes,establishing,established,established,e
enter,enters,entering,entered,entered,e
control,controls,controlling,controlled,controlled,c
die,dies,dying,died,died,d
encourage,encourages,encouraging,encouraged,encouraged,e
answer,answers,answering,answered,answered,a
protect,protects,protecting,protected,protected,p
identify,identifies,identifying,identified,identified,i
visit,visits,visiting,visited,visited,v
care,cares,caring,cared,cared,c
enable,enables,enabling,enabled,enabled,e
affect,affects,affecting,affected,affected,a
claim,claims,claiming,claimed,claimed,c
note,notes,noting,noted,noted,n
obtain,obtains,obtaining,obtained,obtained,o
represent,represents,representing,represented,represented,r
contain,contains,containing,contained,contained,c
beat,beats,beating,beat,beaten,b
spread,spreads,spreading,spread,spread,s
worry,worries,worrying,worried,worried,w
bear,bears,bearing,beared,beared,b
shut,shuts,shutting,shut,shut,s
wonder,wonders,wondering,wondered,wondered,w
afford,affords,affording,afforded,afforded,a
fit,fits,fitting,fitted,fitted,f
kill,kills,killing,killed,killed,k
regard,regards,regarding,regarded,regarded,r
describe,describes,describing,described,described,d
place,places,placing,placed,placed,p
drive,drives,driving,drove,driven,d
wear,wears,wearing,wore,worn,w
argue,argues,arguing,argued,argued,a
involve,involves,involving,involved,involved,i
lie,lies,lying,lay,lain,l
contact,contacts,contacting,contacted,contacted,c
catch,catches,catching,caught,caught,c
assume,assumes,assuming,assumed,assumed,a
indicate,indicates,indicating,indicated,indicated,i
operate,operates,operating,operated,operated,o
manage,manages,managing,managed,managed,m
cope,copes,coping,coped,coped,c
remove,removes,removing,removed,removed,r
determine,determines,determining,determined,determined,d
fight,fights,fighting,fought,fought,f
pull,pulls,pulling,pulled,pulled,p
realise,realises,realising,realised,realised,r
reflect,reflects,reflecting,reflected,reflected,r
fill,fills,filling,filled,filled,f
refer,refers,referring,referred,referred,r
gain,gains,gaining,gained,gained,g
examine,examines,examining,examined,examined,e
prefer,prefers,preferring,preferred,preferred,p
travel,travels,travelling,travelled,travelled,t
admit,admits,admitting,admitted,admitted,a
recognise,recognises,recognising,recognised,recognised,r
attend,attends,attending,attended,attended,a
hurt,hurts,hurting,hurt,hurt,h
respond,responds,responding,responded,responded,r
sleep,sleeps,sleeping,slept,slept,s
introduce,introduces,introducing,introduced,introduced,i
depend,depends,depending,depended,depended,d
survive,survives,surviving,survived,survived,s
suffer,suffers,suffering,suffered,suffered,s
notice,notices,noticing,noticed,noticed,n
close,closes,closing,closed,closed,c
result,results,resulting,resulted,resulted,r
replace,replaces,replacing,replaced,replaced,r
complete,completes,completing,completed,completed,c
miss,misses,missing,missed,missed,m
rise,rises,rising,rose,risen,r
present,presents,presenting,presented,presented,p
arise,arises,arising,arose,arisen,a
point,points,pointing,pointed,pointed,p
fail,fails,failing,failed,failed,f
promote,promotes,promoting,promoted,promoted,p
perform,performs,performing,performed,performed,p
discover,discovers,discovering,discovered,discovered,d
express,expresses,expressing,expressed,expressed,e
extend,extends,extending,extended,extended,e
drink,drinks,drinking,drank,drunk,d
mention,mentions,mentioning,mentioned,mentioned,m
vary,varies,varying,varied,varied,v
concentrate,concentrates,concentrating,concentrated,concentrated,c
benefit,benefits,benefiting,benefited,benefited,b
treat,treats,treating,treated,treated,t
hang,hangs,hanging,hung,hung,h
throw,throws,throwing,threw,thrown,t
prepare,prepares,preparing,prepared,prepared,p
drop,drops,dropping,dropped,dropped,d
study,studies,studying,studied,studied,s
push,pushes,pushing,pushed,pushed,p
press,presses,pressing,pressed,pressed,p
report,reports,reporting,reported,reported,r
cast,casts,casting,cast,cast,c
arrive,arrives,arriving,arrived,arrived,a
sound,sounds,sounding,sounded,sounded,s
finish,finishes,finishing,finished,finished,f
ring,rings,ringing,ringed,ringed,r
test,tests,testing,tested,tested,t
secure,secures,securing,secured,secured,s
collect,collects,collecting,collected,collected,c
escape,escapes,escaping,escaped,escaped,e
teach,teaches,teaching,taught,taught,t
last,lasts,lasting,lasted,lasted,l
welcome,welcomes,welcoming,welcomed,welcomed,w
rely,relies,relying,relied,relied,r
trust,trusts,trusting,trusted,trusted,t
match,matches,matching,matched,matched,m
assess,assesses,assessing,assessed,assessed,a
contribute,contributes,contributing,contributed,contributed,c
repeat,repeats,repeating,repeated,repeated,r
supply,supplies,supplying,supplied,supplied,s
plan,plans,planning,planned,planned,p
reveal,reveals,revealing,revealed,revealed,r
state,states,stating,stated,stated,s
confirm,confirms,confirming,confirmed,confirmed,c
appreciate,appreciates,appreciating,appreciated,appreciated,a
hate,hates,hating,hated,hated,h
relate,relates,relating,related,related,r
overcome,overcomes,overcoming,overcame,overcome,o
rid,rids,ridding,rid,rid,r
marry,marries,marrying,married,married,m
attempt,attempts,attempting,attempted,attempted,a
retain,retains,retaining,retained,retained,r
handle,handles,handling,handled,handled,h
attract,attracts,attracting,attracted,attracted,a
assist,assists,assisting,assisted,assisted,a
influence,influences,influencing,influenced,influenced,i
mark,marks,marking,marked,marked,m
split,splits,splitting,split,split,s
experience,experiences,experiencing,experienced,experienced,e
recall,recalls,recalling,recalled,recalled,r
adopt,adopts,adopting,adopted,adopted,a
sign,signs,signing,signed,signed,s
touch,touches,touching,touched,touched,t
fear,fears,fearing,feared,feared,f
stick,sticks,sticking,sticked,sticked,s
settle,settles,settling,settled,settled,s
ignore,ignores,ignoring,ignored,ignored,i
compare,compares,comparing,compared,compared,c
define,defines,defining,defined,defined,d
exercise,exercises,exercising,exercised,exercised,e
demonstrate,demonstrates,demonstrating,demonstrated,demonstrated,d
account,accounts,accounting,accounted,accounted,a
persuade,persuades,persuading,persuaded,persuaded,p
investigate,investigates,investigating,investigated,investigated,i
clear,clears,clearing,cleared,cleared,c
guess,guesses,guessing,guessed,guessed,g
record,records,recording,recorded,recorded,r
vote,votes,voting,voted,voted,v
explore,explores,exploring,explored,explored,e
blame,blames,blaming,blamed,blamed,b
arrange,arranges,arranging,arranged,arranged,a
cross,crosses,crossing,crossed,crossed,c
deny,denies,denying,denied,denied,d
realize,realizes,realizing,realized,realized,r
hide,hides,hiding,hid,hidden,h
focus,focuses,focusing,focused,focused,f
deliver,delivers,delivering,delivered,delivered,d
proceed,proceeds,proceeding,proceeded,proceeded,p
succeed,succeeds,succeeding,succeeded,succeeded,s
bother,bothers,bothering,bothered,bothered,b
refuse,refuses,refusing,refused,refused,r
force,forces,forcing,forced,forced,f
demand,demands,demanding,demanded,demanded,d
recognize,recognizes,recognizing,recognized,recognized,r
count,counts,counting,counted,counted,c
doubt,doubts,doubting,doubted,doubted,d
reckon,reckons,reckoning,reckoned,reckoned,r
belong,belongs,belonging,belonged,belonged,b
emerge,emerges,emerging,emerged,emerged,e
sing,sings,singing,sang,sung,s
intend,intends,intending,intended,intended,i
justify,justifies,justifying,justified,justified,j
in,ins,inning,inned,inned,i
advise,advises,advising,advised,advised,a
defend,defends,defending,defended,defended,d
laugh,laughs,laughing,laughed,laughed,l
dare,dare,daring,dared,dared,d
acquire,acquires,acquiring,acquired,acquired,a
recover,recovers,recovering,recovered,recovered,r
generate,generates,generating,generated,generated,g
distinguish,distinguishes,distinguishing,distinguished,distinguished,d
suspect,suspects,suspecting,suspected,suspected,s
earn,earns,earning,earned,earned,e
finance,finances,financing,financed,financed,f
bet,bets,betting,bet,bet,b
destroy,destroys,destroying,destroyed,destroyed,d
rest,rests,resting,rested,rested,r
judge,judges,judging,judged,judged,j
pursue,pursues,pursuing,pursued,pursued,p
comment,comments,commenting,commented,commented,c
satisfy,satisfies,satisfying,satisfied,satisfied,s
compete,competes,competing,competed,competed,c
resist,resists,resisting,resisted,resisted,r
suit,suits,suiting,suited,suited,s
address,addresses,addressing,addressed,addressed,a
solve,solves,solving,solved,solved,s
lift,lifts,lifting,lifted,lifted,l
alter,alters,altering,altered,altered,a
impose,imposes,imposing,imposed,imposed,i
display,displays,displaying,displayed,displayed,d
appeal,appeals,appealing,appealed,appealed,a
release,releases,releasing,released,released,r
sort,sorts,sorting,sorted,sorted,s
differ,differs,differing,differed,differed,d
select,selects,selecting,selected,selected,s
measure,measures,measuring,measured,measured,m
recommend,recommends,recommending,recommended,recommended,r
order,orders,ordering,ordered,ordered,o
transfer,transfers,transferring,transferred,transferred,t
attack,attacks,attacking,attacked,attacked,a
expand,expands,expanding,expanded,expanded,e
roll,rolls,rolling,rolled,rolled,r
burst,bursts,bursting,burst,burst,b
undertake,undertakes,undertaking,undertook,undertaken,u
relax,relaxes,relaxing,relaxed,relaxed,r
participate,participates,participating,participated,participated,p
behave,behaves,behaving,behaved,behaved,b
strike,strikes,striking,struck,struck,s
remind,reminds,reminding,reminded,reminded,r
review,reviews,reviewing,reviewed,reviewed,r
approach,approaches,approaching,approached,approached,a
employ,employs,employing,employed,employed,e
restore,restores,restoring,restored,restored,r
wash,washes,washing,washed,washed,w
observe,observes,observing,observed,observed,o
combine,combines,combining,combined,combined,c
insist,insists,insisting,insisted,insisted,i
issue,issues,issuing,issued,issued,i
ride,rides,riding,rode,ridden,r
constitute,constitutes,constituting,constituted,constituted,c
jump,jumps,jumping,jumped,jumped,j
cook,cooks,cooking,cooked,cooked,c
switch,switches,switching,switched,switched,s
train,trains,training,trained,trained,t
cry,cries,crying,cried,cried,c
clean,cleans,cleaning,cleaned,cleaned,c
invest,invests,investing,invested,invested,i
step,steps,stepping,stepped,stepped,s
limit,limits,limiting,limited,limited,l
illustrate,illustrates,illustrating,illustrated,illustrated,i
own,owns,owning,owned,owned,o
tackle,tackles,tackling,tackled,tackled,t
challenge,challenges,challenging,challenged,challenged,c
view,views,viewing,viewed,viewed,v
withdraw,withdraws,withdrawing,withdrew,withdrawn,w
possess,possesses,possessing,possessed,possessed,p
communicate,communicates,communicating,communicated,communicated,c
climb,climbs,climbing,climbed,climbed,c
gather,gathers,gathering,gathered,gathered,g
separate,separates,separating,separated,separated,s
preserve,preserves,preserving,preserved,preserved,p
implement,implements,implementing,implemented,implemented,i
shift,shifts,shifting,shifted,shifted,s
resolve,resolves,resolving,resolved,resolved,r
reject,rejects,rejecting,rejected,rejected,r
inform,informs,informing,informed,informed,i
imply,implies,implying,implied,implied,i
acknowledge,acknowledges,acknowledging,acknowledged,acknowledged,a
conclude,concludes,concluding,concluded,concluded,c
shoot,shoots,shooting,shot,shot,s
guarantee,guarantees,guaranteeing,guaranteed,guaranteed,g
comply,complies,complying,complied,complied,c
borrow,borrows,borrowing,borrowed,borrowed,b
question,questions,questioning,questioned,questioned,q
promise,promises,promising,promised,promised,p
enhance,enhances,enhancing,enhanced,enhanced,e
monitor,monitors,monitoring,monitored,monitored,m
risk,risks,risking,risked,risked,r
permit,permits,permitting,permitted,permitted,p
purchase,purchases,purchasing,purchased,purchased,p
propose,proposes,proposing,proposed,proposed,p
celebrate,celebrates,celebrating,celebrated,celebrated,c
charge,charges,charging,charged,charged,c
research,researches,researching,researched,researched,r
aim,aims,aiming,aimed,aimed,a
accommodate,accommodates,accommodating,accommodated,accommodated,a
phone,phones,phoning,phoned,phoned,p
waste,wastes,wasting,wasted,wasted,w
dance,dances,dancing,danced,danced,d
wake,wakes,waking,woke,woken,w
pray,prays,praying,prayed,prayed,p
disappear,disappears,disappearing,disappeared,disappeared,d
telephone,telephones,telephoning,telephoned,telephoned,t
predict,predicts,predicting,predicted,predicted,p
score,scores,scoring,scored,scored,s
slip,slips,slipping,slipped,slipped,s
commit,commits,committing,committed,committed,c
complain,complains,complaining,complained,complained,c
detect,detects,detecting,detected,detected,d
exclude,excludes,excluding,excluded,excluded,e
excuse,excuses,excusing,excused,excused,e
interpret,interprets,interpreting,interpreted,interpreted,i
publish,publishes,publishing,published,published,p
link,links,linking,linked,linked,l
forgive,forgives,forgiving,forgave,forgiven,f
negotiate,negotiates,negotiating,negotiated,negotiated,n
analyse,analyses,analysing,analysed,analysed,a
name,names,naming,named,named,n
stretch,stretches,stretching,stretched,stretched,s
upset,upsets,upsetting,upset,upset,u
qualify,qualifies,qualifying,qualified,qualified,q
damage,damages,damaging,damaged,damaged,d
launch,launches,launching,launched,launched,l
paint,paints,painting,painted,painted,p
specify,specifies,specifying,specified,specified,s
grant,grants,granting,granted,granted,g
lend,lends,lending,lent,lent,l
construct,constructs,constructing,constructed,constructed,c
react,reacts,reacting,reacted,reacted,r
organise,organises,organising,organised,organised,o
deserve,deserves,deserving,deserved,deserved,d
head,heads,heading,headed,headed,h
direct,directs,directing,directed,directed,d
land,lands,landing,landed,landed,l
conduct,conducts,conducting,conducted,conducted,c
sustain,sustains,sustaining,sustained,sustained,s
submit,submits,submitting,submitted,submitted,s
consist,consists,consisting,consisted,consisted,c
blow,blows,blowing,blew,blown,b
mix,mixes,mixing,mixed,mixed,m
guide,guides,guiding,guided,guided,g
owe,owes,owing,owed,owed,o
convince,convinces,convincing,convinced,convinced,c
practise,practises,practising,practised,practised,p
strengthen,strengthens,strengthening,strengthened,strengthened,s
knock,knocks,knocking,knocked,knocked,k
invite,invites,inviting,invited,invited,i
burn,burns,burning,burned,burned,b
abandon,abandons,abandoning,abandoned,abandoned,a
reply,replies,replying,replied,replied,r
shake,shakes,shaking,shook,shaken,s
fix,fixes,fixing,fixt,fixt,f
pretend,pretends,pretending,pretended,pretended,p
consult,consults,consulting,consulted,consulted,c
divide,divides,dividing,divided,divided,d
engage,engages,engaging,engaged,engaged,e
search,searches,searching,searched,searched,s
fulfil,fulfils,fulfilling,fulfilled,fulfilled,f
exploit,exploits,exploiting,exploited,exploited,e
rule,rules,ruling,ruled,ruled,r
process,processes,processing,processed,processed,p
fetch,fetches,fetching,fetched,fetched,f
convey,conveys,conveying,conveyed,conveyed,c
shed,sheds,shedding,shed,shed,s
market,markets,marketing,marketed,marketed,m
fancy,fancies,fancying,fancied,fancied,f
smoke,smokes,smoking,smoked,smoked,s
smell,smells,smelling,smelled,smelled,s
thrust,thrusts,thrusting,thrust,thrust,t
incorporate,incorporates,incorporating,incorporated,incorporated,i
restrict,restricts,restricting,restricted,restricted,r
warn,warns,warning,warned,warned,w
eliminate,eliminates,eliminating,eliminated,eliminated,e
kiss,kisses,kissing,kissed,kissed,k
announce,announces,announcing,announced,announced,a
evaluate,evaluates,evaluating,evaluated,evaluated,e
convert,converts,converting,converted,converted,c
retire,retires,retiring,retired,retired,r
adjust,adjusts,adjusting,adjusted,adjusted,a
ease,eases,easing,eased,eased,e
breathe,breathes,breathing,breathed,breathed,b
pour,pours,pouring,poured,poured,p
knit,knits,knitting,knit,knit,k
exceed,exceeds,exceeding,exceeded,exceeded,e
back,backs,backing,backed,backed,b
approve,approves,approving,approved,approved,a
trace,traces,tracing,traced,traced,t
register,registers,registering,registered,registered,r
calculate,calculates,calculating,calculated,calculated,c
occupy,occupies,occupying,occupied,occupied,o
stimulate,stimulates,stimulating,stimulated,stimulated,s
print,prints,printing,printed,printed,p
stress,stresses,stressing,stressed,stressed,s
appoint,appoints,appointing,appointed,appointed,a
free,frees,freeing,freed,freed,f
interfere,interferes,interfering,interfered,interfered,i
object,objects,objecting,objected,objected,o
boost,boosts,boosting,boosted,boosted,b
smile,smiles,smiling,smiled,smiled,s
facilitate,facilitates,facilitating,facilitated,facilitated,f
lack,lacks,lacking,lacked,lacked,l
cease,ceases,ceasing,ceased,ceased,c
enforce,enforces,enforcing,enforced,enforced,e
adapt,adapts,adapting,adapted,adapted,a
tie,ties,tying,tied,tied,t
quote,quotes,quoting,quoted,quoted,q
dominate,dominates,dominating,dominated,dominated,d
pop,pops,popping,popped,popped,p
please,pleases,pleasing,pleased,pleased,p
design,designs,designing,designed,designed,d
intervene,intervenes,intervening,intervened,intervened,i
yield,yields,yielding,yielded,yielded,y
resign,resigns,resigning,resigned,resigned,r
spell,spells,spelling,spelled,spelled,s
shout,shouts,shouting,shouted,shouted,s
stir,stirs,stirring,stirred,stirred,s
emphasise,emphasises,empasising,emphasised,emphasised,e
spare,spares,sparing,spared,spared,s
estimate,estimates,estimating,estimated,estimated,e
kick,kicks,kicking,kicked,kicked,k
regret,regrets,regretting,regretted,regretted,r
offset,offsets,offsetting,offset,offset,o
list,lists,listing,listed,listed,l
dress,dresses,dressing,dressed,dressed,d
declare,declares,declaring,declared,declared,d
assure,assures,assuring,assured,assured,a
derive,derives,deriving,derived,derived,d
access,accesses,accessing,accessed,accessed,a
delay,delays,delaying,delayed,delayed,d
clarify,clarifies,clarifying,clarified,clarified,c
copy,copies,copying,copied,copied,c
favour,favours,favouring,favoured,favoured,f
dig,digs,digging,dug,dug,d
respect,respects,respecting,respected,respected,r
hand,hands,handing,handed,handed,h
capture,captures,capturing,captured,captured,c
reinforce,reinforces,reinforcing,reinforced,reinforced,r
transform,transforms,transforming,transformed,transformed,t
perceive,perceives,perceiving,perceived,perceived,p
function,functions,functioning,functioned,functioned,f
fuck,fucks,fucking,fucked,fucked,f
threaten,threatens,threatening,threatened,threatened,t
quit,quits,quitting,quit,quit,q
accompany,accompanies,accompanying,accompanied,accompanied,a
swim,swims,swimming,swam,swum,s
fund,funds,funding,funded,funded,f
pack,packs,packing,packed,packed,p
correct,corrects,correcting,corrected,corrected,c
cancel,cancels,cancelling,cancelled,cancelled,c
sail,sails,sailing,sailed,sailed,s
compensate,compensates,compensating,compensated,compensated,c
steal,steals,stealing,stole,stolen,s
undermine,undermines,undermining,undermined,undermined,u
range,ranges,ranging,ranged,ranged,r
feature,features,featuring,featured,featured,f
oppose,opposes,opposing,opposed,opposed,o
locate,locates,locating,located,located,l
hurry,hurries,hurrying,hurried,hurried,h
tap,taps,tapping,tapped,tapped,t
broadcast,broadcasts,broadcasting,broadcast,broadcast,b
sue,sues,suing,sued,sued,s
store,stores,storing,stored,stored,s
trade,trades,trading,traded,traded,t
bid,bids,bidding,bid,bid,b
organize,organizes,organizing,organized,organized,o
light,lights,lighting,lit,lit,l
slow,slows,slowing,slowed,slowed,s
concern,concerns,concerning,concerned,concerned,c
dismiss,dismisses,dismissing,dismissed,dismissed,d
swear,swears,swearing,swore,sworn,s
highlight,highlights,highlighting,highlighted,highlighted,h
repair,repairs,repairing,repaired,repaired,r
conform,conforms,conforming,conformed,conformed,c
amount,amounts,amounting,amounted,amounted,a
attach,attaches,attaching,attached,attached,a
dream,dreams,dreaming,dreamed,dreamed,d
rush,rushes,rushing,rushed,rushed,r
absorb,absorbs,absorbing,absorbed,absorbed,a
sink,sinks,sinking,sank,sunk,s
grab,grabs,grabbing,grabbed,grabbed,g
calm,calms,calming,calmed,calmed,c
protest,protests,protesting,protested,protested,p
balance,balances,balancing,balanced,balanced,b
beg,begs,begging,begged,begged,b
install,installs,installing,installed,installed,i
advance,advances,advancing,advanced,advanced,a
fire,fires,firing,fired,fired,f
block,blocks,blocking,blocked,blocked,b
aid,aids,aiding,aided,aided,a
flow,flows,flowing,flowed,flowed,f
drag,drags,dragging,dragged,dragged,d
correspond,corresponds,corresponding,corresponded,corresponded,c
pose,poses,posing,posed,posed,p
admire,admires,admiring,admired,admired,a
relieve,relieves,relieving,relieved,relieved,r
reverse,reverses,reversing,reversed,reversed,r
time,times,timing,timed,timed,t
combat,combats,combatting,combatted,combatted,c
integrate,integrates,integrating,integrated,integrated,i
disagree,disagrees,disagreeing,disagreed,disagreed,d
connect,connects,connecting,connected,connected,c
update,updates,updating,updated,updated,u
modify,modifies,modifying,modified,modified,m
anticipate,anticipates,anticipating,anticipated,anticipated,a
tax,taxes,taxing,taxed,taxed,t
opt,opts,opting,opted,opted,o
stare,stares,staring,stared,stared,s
spot,spots,spotting,spotted,spotted,s
command,commands,commanding,commanded,commanded,c
obey,obeys,obeying,obeyed,obeyed,o
house,houses,housing,housed,housed,h
extract,extracts,extracting,extracted,extracted,e
slide,slides,sliding,slid,slid,s
counter,counters,countering,countered,countered,c
resume,resumes,resuming,resumed,resumed,r
grasp,grasps,grasping,grasped,grasped,g
swing,swings,swinging,swang,swung,s
render,renders,rendering,rendered,rendered,r
speed,speeds,speeding,sped,sped,s
confront,confronts,confronting,confronted,confronted,c
ban,bans,banning,banned,banned,b
wipe,wipes,wiping,wiped,wiped,w
double,doubles,doubling,doubled,doubled,d
comprise,comprises,comprising,comprised,comprised,c
witness,witnesses,witnessing,witnessed,witnessed,w
plant,plants,planting,planted,planted,p
breed,breeds,breeding,bred,bred,b
assert,asserts,asserting,asserted,asserted,a
disclose,discloses,disclosing,disclosed,disclosed,d
defeat,defeats,defeating,defeated,defeated,d
squeeze,squeezes,squeezing,squeezed,squeezed,s
taste,tastes,tasting,tasted,tasted,t
bind,binds,binding,bound,bound,b
harm,harms,harming,harmed,harmed,h
encounter,encounters,encountering,encountered,encountered,e
request,requests,requesting,requested,requested,r
struggle,struggles,struggling,struggled,struggled,s
hire,hires,hiring,hired,hired,h
conceal,conceals,concealing,concealed,concealed,c
recruit,recruits,recruiting,recruited,recruited,r
wander,wanders,wandering,wandered,wandered,w
emphasize,emphasizes,emphasizing,emphasized,emphasized,e
weigh,weighs,weighing,weighed,weighed,w
coincide,coincides,coinciding,coincided,coincided,c
bend,bends,bending,bent,bent,b
regulate,regulates,regulating,regulated,regulated,r
rescue,rescues,rescuing,rescued,rescued,r
entertain,entertains,entertaining,entertained,entertained,e
forecast,forecasts,forecasting,forecast,forecast,f
inspect,inspects,inspecting,inspected,inspected,i
export,exports,exporting,exported,exported,e
urge,urges,urging,urged,urged,u
induce,induces,inducing,induced,induced,i
lock,locks,locking,locked,locked,l
exhibit,exhibits,exhibiting,exhibited,exhibited,e
exchange,exchanges,exchanging,exchanged,exchanged,e
warm,warms,warming,warmed,warmed,w
confess,confesses,confessing,confessed,confessed,c
tolerate,tolerates,tolerating,tolerated,tolerated,t
mount,mounts,mounting,mounted,mounted,m
brush,brushes,brushing,brushed,brushed,b
reproduce,reproduces,reproducing,reproduced,reproduced,r
undergo,undergoes,undergoing,underwent,undergone,u
impress,impresses,impressing,impressed,impressed,i
figure,figures,figuring,figured,figured,f
decline,declines,declining,declined,declined,d
rub,rubs,rubbing,rubbed,rubbed,r
cater,caters,catering,catered,catered,c
tour,tours,touring,toured,toured,t
distribute,distributes,distributing,distributed,distributed,d
sense,senses,sensing,sensed,sensed,s
repay,repays,repaying,repaid,repaid,r
regain,regains,regaining,regained,regained,r
minimise,minimises,minimising,minimised,minimised,m
halt,halts,halting,halted,halted,h
shape,shapes,shaping,shaped,shaped,s
cool,cools,cooling,cooled,cooled,c
disturb,disturbs,disturbing,disturbed,disturbed,d
bite,bites,biting,bit,bitten,b
progress,progresses,progressing,progressed,progressed,p
devote,devotes,devoting,devoted,devoted,d
provoke,provokes,provoking,provoked,provoked,p
dispose,disposes,disposing,disposed,disposed,d
translate,translates,translating,translated,translated,t
reassure,reassures,reassuring,reassured,reassured,r
contemplate,contemplates,contemplating,contemplated,contemplated,c
alert,alerts,alerting,alerted,alerted,a
service,services,servicing,serviced,serviced,s
interact,interacts,interacting,interacted,interacted,i
heat,heats,heating,heated,heated,h
devise,devises,devising,devised,devised,d
govern,governs,governing,governed,governed,g
apologise,apologises,apologising,apologised,apologised,a
expose,exposes,exposing,exposed,exposed,e
embrace,embraces,embracing,embraced,embraced,e
comfort,comforts,comforting,comforted,comforted,c
seize,seizes,seizing,seized,seized,s
melt,melts,melting,melted,melted,m
supplement,supplements,supplementing,supplemented,supplemented,s
lean,leans,leaning,leaned,leaned,l
exert,exerts,exerting,exerted,exerted,e
resemble,resembles,resembling,resembled,resembled,r
abolish,abolishes,abolishing,abolished,abolished,a
wed,weds,wedding,wed,wed,w
arrest,arrests,arresting,arrested,arrested,a
crack,cracks,cracking,cracked,cracked,c
suppress,suppresses,suppressing,suppressed,suppressed,s
guard,guards,guarding,guarded,guarded,g
surprise,surprises,surprising,surprised,surprised,s
hesitate,hesitates,hesitating,hesitated,hesitated,h
load,loads,loading,loaded,loaded,l
swallow,swallows,swallowing,swallowed,swallowed,s
initiate,initiates,initiating,initiated,initiated,i
float,floats,floating,floated,floated,f
effect,effects,effecting,effected,effected,e
manipulate,manipulates,manipulating,manipulated,manipulated,m
deter,deters,deterring,deterred,deterred,d
associate,associates,associating,associated,associated,a
administer,administers,administering,administered,administered,a
murder,murders,murdering,murdered,murdered,m
persist,persists,persisting,persisted,persisted,p
greet,greets,greeting,greeted,greeted,g
tear,tears,tearing,tore,torn,t
hunt,hunts,hunting,hunted,hunted,h
spoil,spoils,spoiling,spoiled,spoiled,s
line,lines,lining,lined,lined,l
bless,blesses,blessing,blest,blest,b
ascertain,ascertains,ascertaining,ascertained,ascertained,a
penetrate,penetrates,penetrating,penetrated,penetrated,p
multiply,multiplies,multiplying,multiplied,multiplied,m
merge,merges,merging,merged,merged,m
coach,coaches,coaching,coached,coached,c
drain,drains,draining,drained,drained,d
suffice,suffices,sufficing,sufficed,sufficed,s
presume,presumes,presuming,presumed,presumed,p
fish,fishes,fishing,fished,fished,f
shop,shops,shopping,shopped,shopped,s
race,races,racing,raced,raced,r
honour,honours,honouring,honoured,honoured,h
freeze,freezes,freezing,froze,frozen,f
cure,cures,curing,cured,cured,c
revive,revives,reviving,revived,revived,r
swap,swaps,swapping,swapped,swapped,s
endure,endures,enduring,endured,endured,e
chase,chases,chasing,chased,chased,c
consume,consumes,consuming,consumed,consumed,c
insert,inserts,inserting,inserted,inserted,i
anger,angers,angering,angered,angered,a
await,awaits,awaiting,awaited,awaited,a
minister,ministers,ministering,ministered,ministered,m
drift,drifts,drifting,drifted,drifted,d
substitute,substitutes,substituting,substituted,substituted,s
stem,stems,stemming,stemmed,stemmed,s
surrender,surrenders,surrendering,surrendered,surrendered,s
wind,winds,winding,winded,winded,w
contract,contracts,contracting,contracted,contracted,c
machine,machines,machining,machined,machined,m
differentiate,differentiates,differentiating,differentiated,differentiated,d
advertise,advertises,advertising,advertised,advertised,a
reconcile,reconciles,reconciling,reconciled,reconciled,r
project,projects,projecting,projected,projected,p
snap,snaps,snapping,snapped,snapped,s
damn,damns,damning,damned,damned,d
bake,bakes,baking,baked,baked,b
top,tops,topping,topped,topped,t
fold,folds,folding,folded,folded,f
concede,concedes,conceding,conceded,conceded,c
renew,renews,renewing,renewed,renewed,r
formulate,formulates,formulating,formulated,formulated,f
confuse,confuses,confusing,confused,confused,c
sweep,sweeps,sweeping,swept,swept,s
cheer,cheers,cheering,cheered,cheered,c
steer,steers,steering,steered,steered,s
base,bases,basing,based,based,b
indulge,indulges,indulging,indulged,indulged,i
decrease,decreases,decreasing,decreased,decreased,d
reserve,reserves,reserving,reserved,reserved,r
host,hosts,hosting,hosted,hosted,h
evolve,evolves,evolving,evolved,evolved,e
foster,fosters,fostering,fostered,fostered,f
discourage,discourages,discouraging,discouraged,discouraged,d
curb,curbs,curbing,curbed,curbed,c
allocate,allocates,allocating,allocated,allocated,a
supervise,supervises,supervising,supervised,supervised,s
fade,fades,fading,faded,faded,f
endorse,endorses,endorsing,endorsed,endorsed,e
condemn,condemns,condemning,condemned,condemned,c
book,books,booking,booked,booked,b
tip,tips,tipping,tipped,tipped,t
reform,reforms,reforming,reformed,reformed,r
complement,complements,complementing,complemented,complemented,c
punish,punishes,punishing,punished,punished,p
bang,bangs,banging,banged,banged,b
outline,outlines,outlining,outlined,outlined,o
diminish,diminishes,diminishing,diminished,diminished,d
prevail,prevails,prevailing,prevailed,prevailed,p
leap,leaps,leaping,leaped,leaped,l
wrap,wraps,wrapping,wrapped,wrapped,w
compromise,compromises,compromising,compromised,compromised,c
collapse,collapses,collapsing,collapsed,collapsed,c
safeguard,safeguards,safeguarding,safeguarded,safeguarded,s
inhibit,inhibits,inhibiting,inhibited,inhibited,i
scream,screams,screaming,screamed,screamed,s
date,dates,dating,dated,dated,d
delete,deletes,deleting,deleted,deleted,d
attain,attains,attaining,attained,attained,a
dislike,dislikes,disliking,disliked,disliked,d
conceive,conceives,conceiving,conceived,conceived,c
shine,shines,shining,shone,shone,s
dictate,dictates,dictating,dictated,dictated,d
unite,unites,uniting,united,united,u
import,imports,importing,imported,imported,i
spring,springs,springing,sprang,sprung,s
rebuild,rebuilds,rebuilding,rebuilt,rebuilt,r
flourish,flourishes,flourishing,flourished,flourished,f
criticise,criticises,criticising,criticised,criticised,c
boil,boils,boiling,boiled,boiled,b
flee,flees,fleeing,fled,fled,f
commence,commences,commencing,commenced,commenced,c
praise,praises,praising,praised,praised,p
draft,drafts,drafting,drafted,drafted,d
park,parks,parking,parked,parked,p
discriminate,discriminates,discriminating,discriminated,discriminated,d
track,tracks,tracking,tracked,tracked,t
enclose,encloses,enclosing,enclosed,enclosed,e
interview,interviews,interviewing,interviewed,interviewed,i
tighten,tightens,tightening,tightened,tightened,t
price,prices,pricing,priced,priced,p
colour,colours,colouring,coloured,coloured,c
venture,ventures,venturing,ventured,ventured,v
speculate,speculates,speculating,speculated,speculated,s
depart,departs,departing,departed,departed,d
bury,buries,burying,buried,buried,b
interrupt,interrupts,interrupting,interrupted,interrupted,i
disguise,disguises,disguising,disguised,disguised,d
elect,elects,electing,elected,elected,e
withstand,withstands,withstanding,withstood,withstood,w
discharge,discharges,discharging,discharged,discharged,d
restrain,restrains,restraining,restrained,restrained,r
thrive,thrives,thriving,throve,thriven,t
echo,echoes,echoing,echoed,echoed,e
divert,diverts,diverting,diverted,diverted,d
fry,fries,frying,fried,fried,f
dissolve,dissolves,dissolving,dissolved,dissolved,d
edit,edits,editing,edited,edited,e
assemble,assembles,assembling,assembled,assembled,a
ruin,ruins,ruining,ruined,ruined,r
accelerate,accelerates,accelerating,accelerated,accelerated,a
envisage,envisages,envisaging,envisaged,envisaged,e
congratulate,congratulates,congratulating,congratulated,congratulated,c
retrieve,retrieves,retrieving,retrieved,retrieved,r
descend,descends,descending,descended,descended,d
suspend,suspends,suspending,suspended,suspended,s
experiment,experiments,experimenting,experimented,experimented,e
ship,ships,shipping,shipped,shipped,s
frighten,frightens,frightening,frightened,frightened,f
fool,fools,fooling,fooled,fooled,f
'ave,'as,'avin','ad,'ad,'
inspire,inspires,inspiring,inspired,inspired,i
heal,heals,healing,hole,holen,h
master,masters,mastering,mastered,mastered,m
terminate,terminates,terminating,terminated,terminated,t
amend,amends,amending,amended,amended,a
scratch,scratches,scratching,scratched,scratched,s
embark,embarks,embarking,embarked,embarked,e
entail,entails,entailing,entailed,entailed,e
execute,executes,executing,executed,executed,e
consolidate,consolidates,consolidating,consolidated,consolidated,c
cash,cashes,cashing,cashed,cashed,c
round,rounds,rounding,rounded,rounded,r
isolate,isolates,isolating,isolated,isolated,i
warrant,warrants,warranting,warranted,warranted,w
signal,signals,signalling,signalled,signalled,s
weaken,weakens,weakening,weakened,weakened,w
pin,pins,pinning,pinned,pinned,p
march,marches,marching,marched,marched,m
desire,desires,desiring,desired,desired,d
widen,widens,widening,widened,widened,w
level,levels,leveling,leveled,leveled,l
chat,chats,chatting,chatted,chatted,c
board,boards,boarding,boarded,boarded,b
contend,contends,contending,contended,contended,c
invent,invents,inventing,invented,invented,i
resource,resources,resourcing,resourced,resourced,r
manufacture,manufactures,manufacturing,manufactured,manufactured,m
seal,seals,sealing,sealed,sealed,s
reconsider,reconsiders,reconsidering,reconsidered,reconsidered,r
suck,sucks,sucking,sucked,sucked,s
picture,pictures,picturing,pictured,pictured,p
crash,crashes,crashing,crashed,crashed,c
transport,transports,transporting,transported,transported,t
plug,plugs,plugging,plugged,plugged,p
assign,assigns,assigning,assigned,assigned,a
enquire,enquires,enquiring,enquired,enquired,e
campaign,campaigns,campaigning,campaigned,campaigned,c
trap,traps,trapping,trapped,trapped,t
surround,surrounds,surrounding,surrounded,surrounded,s
debate,debates,debating,debated,debated,d
upgrade,upgrades,upgrading,upgraded,upgraded,u
decorate,decorates,decorating,decorated,decorated,d
confer,confers,conferring,conferred,conferred,c
accumulate,accumulates,accumulating,accumulated,accumulated,a
profit,profits,profiting,profited,profited,p
file,files,filing,filed,filed,f
inherit,inherits,inheriting,inherited,inherited,i
disrupt,disrupts,disrupting,disrupted,disrupted,d
contrast,contrasts,contrasting,contrasted,contrasted,c
chuck,chucks,chucking,chucked,chucked,c
tick,ticks,ticking,ticked,ticked,t
plead,pleads,pleading,pleaded,pleaded,p
dip,dips,dipping,dipped,dipped,d
subscribe,subscribes,subscribing,subscribed,subscribed,s
educate,educates,educating,educated,educated,e
divorce,divorces,divorcing,divorced,divorced,d
spin,spins,spinning,spun,spun,s
row,rows,rowing,rowed,rowed,r
obscure,obscures,obscuring,obscured,obscured,o
creep,creeps,creeping,crept,crept,c
interest,interests,interesting,interested,interested,i
overlook,overlooks,overlooking,overlooked,overlooked,o
twist,twists,twisting,twisted,twisted,t
mature,matures,maturing,matured,matured,m
blend,blends,blending,blended,blended,b
revise,revises,revising,revised,revised,r
attribute,attributes,attributing,attributed,attributed,a
explode,explodes,exploding,exploded,exploded,e
dwell,dwells,dwelling,dwelt,dwelt,d
drown,drowns,drowning,drowned,drowned,d
alleviate,alleviates,alleviating,alleviated,alleviated,a
strip,strips,stripping,stripped,stripped,s
grade,grades,grading,graded,graded,g
revert,reverts,reverting,reverted,reverted,r
value,values,valuing,valued,valued,v
award,awards,awarding,awarded,awarded,a
strive,strives,striving,strove,striven,s
notify,notifies,notifying,notified,notified,n
remedy,remedies,remedying,remedied,remedied,r
accuse,accuses,accusing,accused,accused,a
instruct,instructs,instructing,instructed,instructed,i
spill,spills,spilling,spilled,spilled,s
strain,strains,straining,strained,strained,s
comprehend,comprehends,comprehending,comprehended,comprehended,c
soften,softens,softening,softened,softened,s
postpone,postpones,postponing,postponed,postponed,p
wave,waves,waving,waved,waved,w
bounce,bounces,bouncing,bounced,bounced,b
stock,stocks,stocking,stocked,stocked,s
position,positions,positioning,positioned,positioned,p
insure,insures,insuring,insured,insured,i
adhere,adheres,adhering,adhered,adhered,a
cling,clings,clinging,clung,clung,c
summon,summons,summoning,summoned,summoned,s
pause,pauses,pausing,paused,paused,p
empty,empties,emptying,emptied,emptied,e
classify,classifies,classifying,classified,classified,c
